"ID","Class"
6284,H
6285,E
6286,R
6287,D
6288,E
6289,i
6290,0
6291,S
6292,S
6293,H
6294,N
6295,A
6296,R
6297,H
6298,e
6299,A
6300,A
6301,R
6302,A
6303,S
6304,s
6305,r
6306,A
6307,a
6308,R
6309,S
6310,A
6311,D
6312,n
6313,r
6314,A
6315,A
6316,e
6317,D
6318,O
6319,S
6320,L
6321,n
6322,o
6323,I
6324,W
6325,I
6326,N
6327,M
6328,R
6329,I
6330,o
6331,A
6332,i
6333,v
6334,S
6335,E
6336,i
6337,I
6338,N
6339,I
6340,U
6341,S
6342,T
6343,R
6344,o
6345,A
6346,E
6347,0
6348,e
6349,R
6350,r
6351,p
6352,E
6353,I
6354,O
6355,L
6356,o
6357,J
6358,E
6359,N
6360,B
6361,N
6362,I
6363,a
6364,A
6365,M
6366,A
6367,P
6368,R
6369,I
6370,m
6371,R
6372,N
6373,R
6374,T
6375,E
6376,L
6377,A
6378,S
6379,S
6380,T
6381,M
6382,O
6383,E
6384,E
6385,O
6386,l
6387,A
6388,n
6389,O
6390,A
6391,E
6392,T
6393,S
6394,A
6395,P
6396,I
6397,A
6398,S
6399,A
6400,L
6401,S
6402,O
6403,E
6404,D
6405,G
6406,A
6407,e
6408,i
6409,A
6410,N
6411,C
6412,E
6413,O
6414,R
6415,A
6416,N
6417,D
6418,R
6419,N
6420,R
6421,w
6422,O
6423,N
6424,S
6425,E
6426,O
6427,A
6428,A
6429,D
6430,e
6431,N
6432,J
6433,S
6434,S
6435,O
6436,I
6437,T
6438,C
6439,o
6440,S
6441,R
6442,E
6443,V
6444,s
6445,i
6446,E
6447,A
6448,N
6449,A
6450,T
6451,L
6452,N
6453,R
6454,R
6455,E
6456,N
6457,B
6458,I
6459,T
6460,H
6461,N
6462,A
6463,i
6464,S
6465,C
6466,O
6467,C
6468,A
6469,A
6470,u
6471,R
6472,A
6473,O
6474,E
6475,N
6476,A
6477,O
6478,A
6479,A
6480,H
6481,A
6482,H
6483,T
6484,R
6485,H
6486,2
6487,N
6488,E
6489,P
6490,e
6491,O
6492,P
6493,A
6494,v
6495,R
6496,N
6497,A
6498,N
6499,U
6500,e
6501,i
6502,C
6503,D
6504,A
6505,E
6506,N
6507,I
6508,a
6509,E
6510,N
6511,0
6512,S
6513,i
6514,M
6515,E
6516,N
6517,E
6518,N
6519,N
6520,O
6521,e
6522,R
6523,N
6524,S
6525,L
6526,E
6527,E
6528,O
6529,C
6530,r
6531,0
6532,A
6533,s
6534,a
6535,n
6536,i
6537,R
6538,L
6539,A
6540,a
6541,O
6542,R
6543,E
6544,O
6545,A
6546,S
6547,T
6548,N
6549,I
6550,A
6551,A
6552,N
6553,M
6554,e
6555,I
6556,w
6557,O
6558,C
6559,I
6560,o
6561,S
6562,O
6563,n
6564,G
6565,E
6566,E
6567,S
6568,I
6569,S
6570,E
6571,O
6572,O
6573,N
6574,S
6575,O
6576,N
6577,O
6578,0
6579,E
6580,A
6581,A
6582,R
6583,O
6584,H
6585,T
6586,I
6587,M
6588,r
6589,O
6590,A
6591,C
6592,I
6593,E
6594,e
6595,R
6596,6
6597,O
6598,I
6599,A
6600,I
6601,O
6602,P
6603,S
6604,o
6605,S
6606,L
6607,E
6608,i
6609,T
6610,H
6611,C
6612,A
6613,R
6614,O
6615,C
6616,D
6617,P
6618,P
6619,O
6620,R
6621,C
6622,C
6623,O
6624,D
6625,O
6626,O
6627,P
6628,O
6629,A
6630,K
6631,U
6632,T
6633,P
6634,e
6635,C
6636,O
6637,i
6638,T
6639,E
6640,C
6641,T
6642,P
6643,0
6644,S
6645,E
6646,i
6647,C
6648,O
6649,N
6650,P
6651,E
6652,R
6653,O
6654,N
6655,E
6656,f
6657,P
6658,N
6659,i
6660,C
6661,E
6662,L
6663,R
6664,E
6665,i
6666,R
6667,o
6668,A
6669,I
6670,I
6671,A
6672,S
6673,O
6674,R
6675,P
6676,A
6677,A
6678,P
6679,T
6680,L
6681,R
6682,E
6683,L
6684,A
6685,D
6686,N
6687,I
6688,P
6689,L
6690,A
6691,s
6692,E
6693,A
6694,O
6695,C
6696,E
6697,E
6698,n
6699,A
6700,H
6701,O
6702,K
6703,S
6704,D
6705,A
6706,N
6707,L
6708,I
6709,S
6710,l
6711,O
6712,S
6713,r
6714,T
6715,E
6716,A
6717,e
6718,A
6719,n
6720,V
6721,S
6722,N
6723,M
6724,n
6725,R
6726,T
6727,N
6728,E
6729,O
6730,s
6731,a
6732,T
6733,C
6734,L
6735,I
6736,O
6737,D
6738,R
6739,n
6740,E
6741,A
6742,I
6743,e
6744,A
6745,E
6746,R
6747,N
6748,a
6749,R
6750,I
6751,I
6752,M
6753,O
6754,E
6755,O
6756,G
6757,o
6758,R
6759,A
6760,T
6761,E
6762,e
6763,N
6764,u
6765,S
6766,I
6767,U
6768,o
6769,O
6770,i
6771,A
6772,A
6773,R
6774,M
6775,T
6776,A
6777,N
6778,O
6779,o
6780,C
6781,a
6782,U
6783,A
6784,O
6785,C
6786,t
6787,T
6788,A
6789,A
6790,0
6791,i
6792,N
6793,O
6794,M
6795,T
6796,U
6797,A
6798,D
6799,O
6800,R
6801,C
6802,C
6803,A
6804,A
6805,O
6806,I
6807,A
6808,C
6809,t
6810,D
6811,A
6812,E
6813,E
6814,T
6815,O
6816,A
6817,S
6818,i
6819,N
6820,A
6821,T
6822,S
6823,i
6824,2
6825,H
6826,s
6827,N
6828,N
6829,F
6830,R
6831,a
6832,C
6833,E
6834,S
6835,E
6836,E
6837,A
6838,o
6839,I
6840,I
6841,I
6842,a
6843,E
6844,L
6845,O
6846,E
6847,O
6848,r
6849,E
6850,A
6851,O
6852,I
6853,L
6854,E
6855,O
6856,o
6857,O
6858,N
6859,N
6860,O
6861,N
6862,R
6863,T
6864,A
6865,I
6866,E
6867,A
6868,A
6869,A
6870,L
6871,L
6872,T
6873,O
6874,S
6875,C
6876,1
6877,A
6878,N
6879,I
6880,A
6881,E
6882,o
6883,E
6884,L
6885,E
6886,I
6887,A
6888,A
6889,E
6890,O
6891,S
6892,i
6893,I
6894,c
6895,T
6896,A
6897,N
6898,O
6899,A
6900,I
6901,R
6902,G
6903,R
6904,S
6905,I
6906,I
6907,R
6908,B
6909,i
6910,L
6911,I
6912,R
6913,D
6914,I
6915,D
6916,S
6917,e
6918,O
6919,T
6920,R
6921,Y
6922,Q
6923,9
6924,O
6925,S
6926,P
6927,N
6928,E
6929,E
6930,R
6931,N
6932,O
6933,A
6934,r
6935,L
6936,D
6937,A
6938,S
6939,A
6940,D
6941,E
6942,E
6943,e
6944,o
6945,C
6946,N
6947,T
6948,T
6949,1
6950,L
6951,M
6952,a
6953,D
6954,n
6955,I
6956,O
6957,N
6958,I
6959,0
6960,N
6961,E
6962,O
6963,E
6964,O
6965,A
6966,O
6967,N
6968,v
6969,I
6970,I
6971,i
6972,S
6973,L
6974,T
6975,e
6976,e
6977,R
6978,O
6979,i
6980,l
6981,O
6982,R
6983,A
6984,n
6985,O
6986,n
6987,P
6988,A
6989,E
6990,R
6991,O
6992,e
6993,T
6994,S
6995,N
6996,T
6997,a
6998,A
6999,A
7000,A
7001,A
7002,I
7003,W
7004,E
7005,H
7006,P
7007,E
7008,E
7009,I
7010,A
7011,N
7012,O
7013,A
7014,O
7015,3
7016,n
7017,A
7018,L
7019,i
7020,A
7021,M
7022,N
7023,C
7024,r
7025,w
7026,O
7027,S
7028,o
7029,i
7030,C
7031,R
7032,T
7033,e
7034,O
7035,A
7036,A
7037,A
7038,C
7039,T
7040,A
7041,E
7042,0
7043,Y
7044,E
7045,E
7046,O
7047,M
7048,e
7049,I
7050,I
7051,O
7052,I
7053,E
7054,S
7055,E
7056,S
7057,A
7058,T
7059,N
7060,O
7061,R
7062,T
7063,A
7064,N
7065,O
7066,S
7067,7
7068,I
7069,S
7070,F
7071,a
7072,7
7073,S
7074,T
7075,A
7076,N
7077,o
7078,P
7079,C
7080,E
7081,A
7082,A
7083,U
7084,P
7085,A
7086,E
7087,h
7088,I
7089,U
7090,E
7091,R
7092,L
7093,R
7094,e
7095,D
7096,A
7097,O
7098,E
7099,E
7100,T
7101,R
7102,D
7103,L
7104,S
7105,O
7106,r
7107,L
7108,O
7109,R
7110,I
7111,A
7112,r
7113,L
7114,e
7115,A
7116,N
7117,E
7118,A
7119,S
7120,I
7121,R
7122,a
7123,e
7124,H
7125,S
7126,R
7127,e
7128,A
7129,A
7130,A
7131,O
7132,S
7133,W
7134,N
7135,C
7136,P
7137,B
7138,C
7139,E
7140,I
7141,T
7142,D
7143,N
7144,A
7145,t
7146,i
7147,e
7148,W
7149,o
7150,T
7151,I
7152,E
7153,P
7154,O
7155,A
7156,O
7157,E
7158,T
7159,A
7160,E
7161,P
7162,a
7163,H
7164,I
7165,A
7166,L
7167,I
7168,E
7169,A
7170,R
7171,O
7172,H
7173,E
7174,Z
7175,o
7176,S
7177,R
7178,A
7179,F
7180,h
7181,A
7182,A
7183,M
7184,A
7185,7
7186,A
7187,i
7188,T
7189,V
7190,H
7191,H
7192,A
7193,i
7194,S
7195,O
7196,O
7197,H
7198,K
7199,O
7200,N
7201,l
7202,I
7203,O
7204,O
7205,e
7206,o
7207,T
7208,N
7209,R
7210,T
7211,P
7212,O
7213,A
7214,A
7215,O
7216,S
7217,T
7218,T
7219,A
7220,E
7221,A
7222,A
7223,A
7224,W
7225,L
7226,S
7227,e
7228,A
7229,O
7230,r
7231,T
7232,4
7233,R
7234,D
7235,O
7236,O
7237,E
7238,A
7239,E
7240,N
7241,L
7242,l
7243,D
7244,O
7245,N
7246,E
7247,O
7248,a
7249,O
7250,U
7251,D
7252,E
7253,e
7254,a
7255,A
7256,S
7257,h
7258,A
7259,E
7260,I
7261,T
7262,O
7263,N
7264,A
7265,E
7266,C
7267,S
7268,0
7269,R
7270,E
7271,N
7272,O
7273,R
7274,S
7275,R
7276,t
7277,E
7278,N
7279,L
7280,i
7281,n
7282,t
7283,T
7284,r
7285,P
7286,R
7287,P
7288,I
7289,A
7290,O
7291,E
7292,I
7293,E
7294,D
7295,O
7296,e
7297,S
7298,R
7299,A
7300,0
7301,i
7302,G
7303,O
7304,I
7305,E
7306,6
7307,O
7308,T
7309,T
7310,N
7311,E
7312,E
7313,A
7314,A
7315,b
7316,I
7317,S
7318,R
7319,A
7320,C
7321,m
7322,T
7323,G
7324,B
7325,I
7326,D
7327,V
7328,L
7329,I
7330,R
7331,R
7332,T
7333,A
7334,A
7335,E
7336,0
7337,R
7338,H
7339,I
7340,l
7341,K
7342,E
7343,E
7344,L
7345,N
7346,A
7347,O
7348,a
7349,r
7350,A
7351,e
7352,N
7353,D
7354,u
7355,I
7356,N
7357,A
7358,r
7359,P
7360,i
7361,L
7362,E
7363,s
7364,R
7365,C
7366,T
7367,N
7368,S
7369,E
7370,A
7371,I
7372,O
7373,T
7374,A
7375,E
7376,A
7377,A
7378,I
7379,A
7380,E
7381,X
7382,S
7383,S
7384,O
7385,I
7386,D
7387,a
7388,O
7389,i
7390,E
7391,T
7392,T
7393,u
7394,a
7395,M
7396,A
7397,L
7398,O
7399,O
7400,I
7401,C
7402,R
7403,N
7404,A
7405,E
7406,e
7407,E
7408,E
7409,O
7410,S
7411,N
7412,7
7413,r
7414,2
7415,N
7416,I
7417,T
7418,A
7419,O
7420,E
7421,I
7422,C
7423,o
7424,7
7425,R
7426,R
7427,L
7428,H
7429,M
7430,A
7431,I
7432,I
7433,A
7434,e
7435,T
7436,R
7437,0
7438,R
7439,S
7440,e
7441,o
7442,A
7443,O
7444,R
7445,S
7446,P
7447,R
7448,C
7449,U
7450,A
7451,L
7452,D
7453,O
7454,5
7455,R
7456,H
7457,C
7458,D
7459,A
7460,S
7461,N
7462,E
7463,I
7464,I
7465,E
7466,S
7467,n
7468,A
7469,A
7470,V
7471,o
7472,N
7473,I
7474,P
7475,A
7476,P
7477,R
7478,S
7479,E
7480,N
7481,C
7482,a
7483,I
7484,L
7485,A
7486,I
7487,L
7488,E
7489,E
7490,P
7491,P
7492,R
7493,R
7494,I
7495,I
7496,E
7497,C
7498,S
7499,I
7500,e
7501,O
7502,R
7503,S
7504,O
7505,y
7506,U
7507,R
7508,O
7509,i
7510,I
7511,O
7512,R
7513,S
7514,A
7515,S
7516,I
7517,L
7518,E
7519,N
7520,E
7521,r
7522,E
7523,A
7524,I
7525,A
7526,7
7527,A
7528,P
7529,T
7530,i
7531,S
7532,O
7533,A
7534,C
7535,A
7536,S
7537,O
7538,l
7539,R
7540,I
7541,o
7542,H
7543,A
7544,T
7545,O
7546,A
7547,o
7548,E
7549,e
7550,A
7551,A
7552,i
7553,O
7554,G
7555,n
7556,D
7557,N
7558,E
7559,S
7560,M
7561,C
7562,E
7563,i
7564,T
7565,R
7566,I
7567,9
7568,N
7569,n
7570,N
7571,A
7572,r
7573,D
7574,E
7575,e
7576,R
7577,D
7578,O
7579,R
7580,A
7581,R
7582,O
7583,H
7584,O
7585,O
7586,O
7587,N
7588,P
7589,w
7590,S
7591,P
7592,E
7593,T
7594,M
7595,C
7596,O
7597,H
7598,i
7599,I
7600,S
7601,i
7602,A
7603,M
7604,A
7605,N
7606,I
7607,a
7608,S
7609,i
7610,E
7611,U
7612,e
7613,D
7614,I
7615,n
7616,A
7617,E
7618,I
7619,R
7620,T
7621,R
7622,T
7623,R
7624,A
7625,C
7626,R
7627,o
7628,R
7629,E
7630,n
7631,O
7632,T
7633,A
7634,a
7635,o
7636,X
7637,P
7638,0
7639,S
7640,O
7641,E
7642,e
7643,T
7644,E
7645,E
7646,t
7647,P
7648,A
7649,O
7650,I
7651,A
7652,I
7653,A
7654,O
7655,5
7656,l
7657,E
7658,A
7659,r
7660,V
7661,C
7662,R
7663,A
7664,V
7665,L
7666,C
7667,I
7668,R
7669,T
7670,N
7671,S
7672,s
7673,T
7674,E
7675,T
7676,E
7677,O
7678,O
7679,I
7680,I
7681,A
7682,a
7683,s
7684,O
7685,O
7686,E
7687,I
7688,E
7689,e
7690,O
7691,S
7692,M
7693,C
7694,E
7695,I
7696,H
7697,O
7698,r
7699,R
7700,N
7701,t
7702,N
7703,P
7704,F
7705,H
7706,E
7707,R
7708,E
7709,A
7710,O
7711,I
7712,R
7713,e
7714,A
7715,G
7716,T
7717,M
7718,O
7719,T
7720,T
7721,S
7722,S
7723,P
7724,O
7725,S
7726,t
7727,A
7728,N
7729,S
7730,A
7731,A
7732,N
7733,E
7734,D
7735,N
7736,o
7737,S
7738,R
7739,L
7740,O
7741,O
7742,A
7743,U
7744,D
7745,o
7746,R
7747,C
7748,S
7749,N
7750,E
7751,I
7752,C
7753,T
7754,E
7755,N
7756,R
7757,D
7758,N
7759,A
7760,0
7761,i
7762,S
7763,r
7764,N
7765,I
7766,R
7767,A
7768,5
7769,A
7770,A
7771,l
7772,R
7773,S
7774,R
7775,S
7776,A
7777,n
7778,C
7779,O
7780,E
7781,A
7782,r
7783,A
7784,T
7785,3
7786,C
7787,O
7788,R
7789,O
7790,e
7791,T
7792,C
7793,t
7794,N
7795,A
7796,E
7797,N
7798,R
7799,O
7800,N
7801,a
7802,1
7803,R
7804,A
7805,I
7806,M
7807,A
7808,o
7809,O
7810,K
7811,O
7812,S
7813,C
7814,E
7815,E
7816,f
7817,E
7818,A
7819,O
7820,i
7821,F
7822,E
7823,r
7824,T
7825,N
7826,I
7827,r
7828,H
7829,R
7830,R
7831,P
7832,N
7833,S
7834,O
7835,H
7836,A
7837,R
7838,A
7839,S
7840,Y
7841,C
7842,A
7843,E
7844,N
7845,E
7846,I
7847,r
7848,N
7849,N
7850,r
7851,R
7852,A
7853,M
7854,E
7855,i
7856,T
7857,O
7858,O
7859,S
7860,L
7861,A
7862,t
7863,6
7864,R
7865,R
7866,N
7867,N
7868,A
7869,O
7870,O
7871,E
7872,G
7873,L
7874,A
7875,E
7876,E
7877,B
7878,P
7879,N
7880,N
7881,I
7882,I
7883,C
7884,a
7885,S
7886,S
7887,D
7888,H
7889,U
7890,O
7891,A
7892,E
7893,O
7894,S
7895,N
7896,I
7897,M
7898,A
7899,E
7900,e
7901,e
7902,E
7903,S
7904,N
7905,T
7906,O
7907,V
7908,s
7909,O
7910,A
7911,K
7912,R
7913,O
7914,2
7915,C
7916,N
7917,T
7918,A
7919,I
7920,v
7921,O
7922,S
7923,H
7924,E
7925,S
7926,P
7927,T
7928,L
7929,r
7930,I
7931,a
7932,S
7933,H
7934,T
7935,R
7936,a
7937,E
7938,N
7939,i
7940,T
7941,r
7942,H
7943,O
7944,I
7945,E
7946,A
7947,E
7948,R
7949,O
7950,I
7951,L
7952,A
7953,A
7954,I
7955,H
7956,I
7957,I
7958,T
7959,P
7960,I
7961,E
7962,R
7963,n
7964,O
7965,O
7966,I
7967,S
7968,S
7969,R
7970,S
7971,N
7972,N
7973,R
7974,i
7975,P
7976,A
7977,A
7978,r
7979,E
7980,E
7981,T
7982,E
7983,n
7984,D
7985,L
7986,A
7987,A
7988,e
7989,O
7990,T
7991,S
7992,R
7993,e
7994,C
7995,N
7996,O
7997,R
7998,O
7999,O
8000,N
8001,O
8002,S
8003,e
8004,e
8005,T
8006,T
8007,I
8008,T
8009,A
8010,N
8011,A
8012,G
8013,R
8014,T
8015,E
8016,L
8017,c
8018,r
8019,A
8020,T
8021,A
8022,T
8023,O
8024,H
8025,O
8026,O
8027,R
8028,D
8029,A
8030,R
8031,N
8032,c
8033,c
8034,f
8035,S
8036,M
8037,E
8038,T
8039,a
8040,T
8041,o
8042,I
8043,A
8044,D
8045,E
8046,R
8047,E
8048,S
8049,n
8050,U
8051,A
8052,1
8053,O
8054,R
8055,N
8056,N
8057,A
8058,I
8059,O
8060,R
8061,H
8062,R
8063,S
8064,R
8065,I
8066,O
8067,a
8068,i
8069,N
8070,N
8071,a
8072,I
8073,l
8074,N
8075,S
8076,O
8077,A
8078,R
8079,M
8080,e
8081,E
8082,S
8083,E
8084,N
8085,r
8086,S
8087,n
8088,L
8089,C
8090,R
8091,S
8092,T
8093,E
8094,E
8095,O
8096,r
8097,I
8098,I
8099,A
8100,R
8101,i
8102,I
8103,R
8104,I
8105,A
8106,S
8107,0
8108,r
8109,T
8110,A
8111,E
8112,i
8113,E
8114,n
8115,R
8116,L
8117,A
8118,N
8119,L
8120,A
8121,r
8122,E
8123,O
8124,I
8125,O
8126,0
8127,E
8128,I
8129,A
8130,L
8131,O
8132,N
8133,N
8134,H
8135,R
8136,C
8137,R
8138,t
8139,L
8140,O
8141,t
8142,O
8143,o
8144,T
8145,S
8146,R
8147,E
8148,O
8149,O
8150,C
8151,E
8152,P
8153,M
8154,e
8155,O
8156,r
8157,G
8158,I
8159,O
8160,N
8161,R
8162,E
8163,M
8164,A
8165,R
8166,R
8167,D
8168,e
8169,E
8170,o
8171,E
8172,1
8173,D
8174,S
8175,E
8176,T
8177,A
8178,A
8179,A
8180,T
8181,I
8182,O
8183,O
8184,V
8185,A
8186,R
8187,L
8188,A
8189,H
8190,A
8191,S
8192,i
8193,S
8194,E
8195,o
8196,A
8197,A
8198,S
8199,O
8200,A
8201,T
8202,T
8203,A
8204,h
8205,A
8206,N
8207,O
8208,E
8209,L
8210,E
8211,S
8212,I
8213,A
8214,T
8215,M
8216,N
8217,C
8218,I
8219,5
8220,K
8221,I
8222,R
8223,H
8224,I
8225,N
8226,N
8227,A
8228,R
8229,N
8230,s
8231,V
8232,T
8233,N
8234,E
8235,A
8236,i
8237,H
8238,H
8239,e
8240,O
8241,O
8242,o
8243,I
8244,a
8245,R
8246,I
8247,R
8248,O
8249,I
8250,A
8251,C
8252,N
8253,O
8254,O
8255,S
8256,Y
8257,P
8258,I
8259,N
8260,s
8261,R
8262,O
8263,T
8264,A
8265,E
8266,S
8267,R
8268,N
8269,O
8270,M
8271,E
8272,A
8273,R
8274,a
8275,C
8276,R
8277,P
8278,A
8279,C
8280,L
8281,D
8282,R
8283,A
8284,A
8285,L
8286,S
8287,T
8288,R
8289,O
8290,E
8291,i
8292,E
8293,n
8294,O
8295,T
8296,r
8297,N
8298,o
8299,L
8300,E
8301,o
8302,I
8303,O
8304,N
8305,O
8306,N
8307,I
8308,I
8309,N
8310,C
8311,E
8312,O
8313,A
8314,7
8315,A
8316,E
8317,L
8318,o
8319,D
8320,E
8321,E
8322,o
8323,P
8324,E
8325,N
8326,T
8327,N
8328,R
8329,1
8330,N
8331,A
8332,I
8333,R
8334,N
8335,O
8336,O
8337,A
8338,o
8339,C
8340,e
8341,A
8342,N
8343,A
8344,C
8345,N
8346,S
8347,A
8348,O
8349,R
8350,I
8351,N
8352,n
8353,T
8354,C
8355,Y
8356,I
8357,O
8358,O
8359,S
8360,t
8361,I
8362,P
8363,a
8364,O
8365,U
8366,N
8367,O
8368,N
8369,S
8370,a
8371,I
8372,i
8373,A
8374,N
8375,P
8376,L
8377,n
8378,A
8379,N
8380,N
8381,n
8382,E
8383,K
8384,S
8385,a
8386,3
8387,A
8388,E
8389,S
8390,R
8391,I
8392,D
8393,e
8394,N
8395,s
8396,P
8397,S
8398,E
8399,I
8400,A
8401,C
8402,R
8403,I
8404,T
8405,S
8406,N
8407,S
8408,I
8409,E
8410,N
8411,E
8412,R
8413,O
8414,T
8415,O
8416,A
8417,E
8418,L
8419,G
8420,N
8421,N
8422,E
8423,N
8424,N
8425,O
8426,A
8427,R
8428,E
8429,O
8430,O
8431,T
8432,A
8433,H
8434,E
8435,o
8436,A
8437,B
8438,O
8439,A
8440,O
8441,A
8442,H
8443,R
8444,s
8445,t
8446,z
8447,Q
8448,L
8449,I
8450,o
8451,n
8452,U
8453,R
8454,I
8455,I
8456,A
8457,H
8458,O
8459,G
8460,E
8461,E
8462,O
8463,E
8464,L
8465,t
8466,N
8467,R
8468,L
8469,P
8470,i
8471,r
8472,C
8473,S
8474,R
8475,D
8476,N
8477,E
8478,T
8479,r
8480,R
8481,o
8482,P
8483,R
8484,C
8485,D
8486,E
8487,I
8488,S
8489,e
8490,A
8491,E
8492,O
8493,R
8494,R
8495,L
8496,S
8497,n
8498,E
8499,I
8500,E
8501,R
8502,A
8503,S
8504,A
8505,E
8506,T
8507,N
8508,N
8509,X
8510,N
8511,O
8512,N
8513,S
8514,E
8515,O
8516,f
8517,I
8518,O
8519,a
8520,r
8521,N
8522,T
8523,R
8524,I
8525,R
8526,s
8527,E
8528,O
8529,I
8530,O
8531,P
8532,H
8533,E
8534,E
8535,O
8536,H
8537,C
8538,A
8539,O
8540,A
8541,n
8542,O
8543,i
8544,M
8545,E
8546,a
8547,L
8548,a
8549,I
8550,S
8551,A
8552,O
8553,O
8554,S
8555,E
8556,S
8557,D
8558,H
8559,E
8560,I
8561,r
8562,O
8563,E
8564,a
8565,A
8566,I
8567,I
8568,A
8569,I
8570,I
8571,S
8572,S
8573,A
8574,O
8575,A
8576,O
8577,R
8578,R
8579,n
8580,I
8581,E
8582,R
8583,o
8584,R
8585,I
8586,1
8587,S
8588,I
8589,S
8590,5
8591,d
8592,R
8593,I
8594,E
8595,r
8596,N
8597,i
8598,R
8599,A
8600,N
8601,L
8602,A
8603,J
8604,T
8605,E
8606,A
8607,O
8608,E
8609,A
8610,I
8611,C
8612,i
8613,I
8614,S
8615,T
8616,A
8617,R
8618,H
8619,d
8620,O
8621,R
8622,e
8623,l
8624,A
8625,E
8626,N
8627,E
8628,R
8629,A
8630,O
8631,h
8632,O
8633,S
8634,N
8635,A
8636,I
8637,C
8638,T
8639,N
8640,v
8641,S
8642,E
8643,A
8644,R
8645,O
8646,o
8647,e
8648,D
8649,O
8650,I
8651,D
8652,O
8653,E
8654,R
8655,s
8656,N
8657,I
8658,B
8659,W
8660,i
8661,O
8662,r
8663,I
8664,Y
8665,A
8666,R
8667,E
8668,O
8669,n
8670,s
8671,N
8672,R
8673,u
8674,O
8675,X
8676,A
8677,S
8678,T
8679,S
8680,r
8681,I
8682,A
8683,E
8684,O
8685,C
8686,R
8687,C
8688,A
8689,S
8690,A
8691,S
8692,I
8693,o
8694,I
8695,N
8696,e
8697,O
8698,S
8699,R
8700,D
8701,E
8702,R
8703,T
8704,E
8705,7
8706,N
8707,T
8708,R
8709,A
8710,V
8711,L
8712,T
8713,A
8714,a
8715,i
8716,N
8717,L
8718,S
8719,R
8720,O
8721,R
8722,a
8723,N
8724,i
8725,V
8726,H
8727,A
8728,N
8729,S
8730,R
8731,O
8732,O
8733,0
8734,R
8735,P
8736,L
8737,A
8738,A
8739,L
8740,N
8741,T
8742,A
8743,r
8744,V
8745,i
8746,R
8747,n
8748,O
8749,D
8750,E
8751,I
8752,P
8753,E
8754,a
8755,N
8756,T
8757,T
8758,R
8759,P
8760,T
8761,O
8762,A
8763,N
8764,O
8765,e
8766,O
8767,e
8768,B
8769,E
8770,E
8771,s
8772,H
8773,S
8774,e
8775,N
8776,A
8777,A
8778,R
8779,D
8780,O
8781,I
8782,O
8783,T
8784,C
8785,R
8786,L
8787,o
8788,P
8789,E
8790,I
8791,C
8792,O
8793,N
8794,O
8795,N
8796,O
8797,T
8798,N
8799,E
8800,0
8801,R
8802,O
8803,I
8804,a
8805,A
8806,S
8807,I
8808,k
8809,U
8810,E
8811,R
8812,E
8813,D
8814,Q
8815,S
8816,n
8817,A
8818,N
8819,e
8820,L
8821,w
8822,A
8823,E
8824,I
8825,C
8826,C
8827,R
8828,A
8829,E
8830,R
8831,e
8832,O
8833,I
8834,A
8835,N
8836,L
8837,E
8838,S
8839,O
8840,e
8841,y
8842,S
8843,2
8844,N
8845,R
8846,A
8847,E
8848,I
8849,A
8850,S
8851,a
8852,O
8853,R
8854,O
8855,A
8856,A
8857,N
8858,i
8859,R
8860,O
8861,O
8862,O
8863,L
8864,s
8865,e
8866,N
8867,O
8868,L
8869,I
8870,R
8871,R
8872,A
8873,F
8874,C
8875,E
8876,F
8877,A
8878,E
8879,i
8880,T
8881,O
8882,S
8883,S
8884,A
8885,D
8886,r
8887,E
8888,P
8889,N
8890,A
8891,R
8892,O
8893,A
8894,n
8895,E
8896,N
8897,T
8898,T
8899,A
8900,e
8901,e
8902,C
8903,R
8904,O
8905,O
8906,u
8907,O
8908,O
8909,I
8910,I
8911,O
8912,R
8913,E
8914,I
8915,R
8916,E
8917,a
8918,i
8919,1
8920,O
8921,0
8922,N
8923,1
8924,O
8925,S
8926,O
8927,T
8928,L
8929,I
8930,R
8931,M
8932,A
8933,L
8934,r
8935,R
8936,L
8937,N
8938,O
8939,N
8940,D
8941,S
8942,S
8943,R
8944,N
8945,x
8946,S
8947,I
8948,T
8949,H
8950,r
8951,C
8952,C
8953,r
8954,N
8955,I
8956,e
8957,N
8958,I
8959,C
8960,P
8961,r
8962,M
8963,a
8964,T
8965,n
8966,T
8967,s
8968,r
8969,R
8970,e
8971,O
8972,O
8973,A
8974,I
8975,A
8976,E
8977,O
8978,T
8979,n
8980,O
8981,I
8982,A
8983,U
8984,S
8985,A
8986,S
8987,E
8988,N
8989,O
8990,R
8991,A
8992,R
8993,I
8994,R
8995,A
8996,n
8997,O
8998,A
8999,A
9000,E
9001,N
9002,A
9003,O
9004,V
9005,A
9006,N
9007,O
9008,A
9009,U
9010,A
9011,O
9012,P
9013,n
9014,o
9015,A
9016,R
9017,E
9018,i
9019,P
9020,T
9021,T
9022,R
9023,A
9024,H
9025,A
9026,S
9027,A
9028,N
9029,r
9030,D
9031,A
9032,E
9033,I
9034,O
9035,E
9036,0
9037,R
9038,C
9039,N
9040,N
9041,R
9042,E
9043,E
9044,I
9045,J
9046,I
9047,N
9048,P
9049,S
9050,P
9051,A
9052,A
9053,N
9054,e
9055,A
9056,R
9057,O
9058,I
9059,S
9060,S
9061,I
9062,N
9063,T
9064,A
9065,L
9066,A
9067,T
9068,L
9069,O
9070,E
9071,T
9072,N
9073,O
9074,A
9075,T
9076,a
9077,V
9078,E
9079,A
9080,R
9081,2
9082,M
9083,H
9084,a
9085,A
9086,N
9087,o
9088,T
9089,R
9090,A
9091,A
9092,T
9093,L
9094,E
9095,E
9096,O
9097,A
9098,A
9099,O
9100,O
9101,f
9102,i
9103,I
9104,i
9105,R
9106,R
9107,I
9108,R
9109,o
9110,I
9111,l
9112,M
9113,A
9114,E
9115,R
9116,N
9117,E
9118,N
9119,E
9120,S
9121,r
9122,T
9123,E
9124,R
9125,O
9126,2
9127,R
9128,a
9129,T
9130,C
9131,e
9132,T
9133,A
9134,C
9135,N
9136,I
9137,R
9138,E
9139,O
9140,E
9141,a
9142,E
9143,N
9144,S
9145,O
9146,O
9147,T
9148,R
9149,I
9150,T
9151,O
9152,n
9153,C
9154,O
9155,A
9156,T
9157,D
9158,f
9159,C
9160,7
9161,R
9162,S
9163,R
9164,A
9165,R
9166,E
9167,e
9168,I
9169,0
9170,E
9171,O
9172,T
9173,M
9174,A
9175,e
9176,A
9177,1
9178,I
9179,D
9180,E
9181,T
9182,X
9183,o
9184,S
9185,a
9186,A
9187,L
9188,N
9189,R
9190,I
9191,I
9192,N
9193,r
9194,A
9195,A
9196,C
9197,N
9198,R
9199,R
9200,O
9201,O
9202,A
9203,N
9204,P
9205,S
9206,T
9207,O
9208,A
9209,C
9210,A
9211,N
9212,I
9213,M
9214,P
9215,S
9216,A
9217,0
9218,A
9219,T
9220,A
9221,T
9222,E
9223,A
9224,E
9225,T
9226,r
9227,L
9228,t
9229,I
9230,E
9231,r
9232,T
9233,N
9234,E
9235,R
9236,A
9237,A
9238,L
9239,R
9240,n
9241,R
9242,A
9243,C
9244,A
9245,S
9246,A
9247,t
9248,R
9249,A
9250,a
9251,R
9252,I
9253,I
9254,E
9255,O
9256,E
9257,S
9258,A
9259,N
9260,L
9261,N
9262,T
9263,G
9264,T
9265,A
9266,E
9267,T
9268,O
9269,T
9270,A
9271,I
9272,e
9273,T
9274,N
9275,N
9276,S
9277,O
9278,E
9279,b
9280,r
9281,E
9282,E
9283,A
9284,A
9285,e
9286,n
9287,A
9288,A
9289,O
9290,O
9291,S
9292,V
9293,A
9294,v
9295,E
9296,h
9297,C
9298,E
9299,T
9300,T
9301,A
9302,S
9303,A
9304,E
9305,O
9306,A
9307,O
9308,S
9309,n
9310,I
9311,I
9312,R
9313,E
9314,a
9315,i
9316,A
9317,E
9318,A
9319,E
9320,O
9321,H
9322,N
9323,E
9324,S
9325,S
9326,H
9327,E
9328,G
9329,n
9330,R
9331,e
9332,L
9333,N
9334,M
9335,1
9336,I
9337,E
9338,I
9339,I
9340,N
9341,E
9342,R
9343,H
9344,A
9345,T
9346,I
9347,D
9348,A
9349,E
9350,T
9351,I
9352,O
9353,E
9354,A
9355,N
9356,A
9357,I
9358,O
9359,R
9360,R
9361,A
9362,O
9363,I
9364,A
9365,R
9366,a
9367,A
9368,T
9369,a
9370,a
9371,H
9372,O
9373,R
9374,3
9375,I
9376,C
9377,E
9378,S
9379,N
9380,R
9381,E
9382,s
9383,o
9384,S
9385,O
9386,2
9387,3
9388,P
9389,N
9390,m
9391,E
9392,E
9393,e
9394,E
9395,L
9396,H
9397,A
9398,N
9399,N
9400,N
9401,P
9402,e
9403,S
9404,e
9405,O
9406,D
9407,O
9408,S
9409,E
9410,o
9411,A
9412,E
9413,A
9414,A
9415,r
9416,A
9417,E
9418,O
9419,R
9420,S
9421,E
9422,A
9423,A
9424,O
9425,N
9426,G
9427,I
9428,S
9429,E
9430,T
9431,r
9432,e
9433,D
9434,R
9435,E
9436,N
9437,P
9438,n
9439,o
9440,E
9441,s
9442,S
9443,R
9444,L
9445,I
9446,E
9447,M
9448,R
9449,E
9450,A
9451,e
9452,A
9453,R
9454,O
9455,N
9456,O
9457,o
9458,o
9459,O
9460,A
9461,I
9462,N
9463,I
9464,E
9465,E
9466,A
9467,E
9468,S
9469,e
9470,I
9471,i
9472,R
9473,R
9474,I
9475,N
9476,D
9477,a
9478,A
9479,E
9480,P
9481,A
9482,I
9483,A
9484,T
9485,A
9486,H
9487,N
9488,S
9489,A
9490,O
9491,H
9492,E
9493,N
9494,E
9495,S
9496,S
9497,E
9498,U
9499,R
9500,o
9501,N
9502,C
9503,C
9504,C
9505,A
9506,7
9507,A
9508,E
9509,I
9510,S
9511,A
9512,a
9513,T
9514,A
9515,3
9516,N
9517,G
9518,T
9519,E
9520,I
9521,D
9522,T
9523,i
9524,A
9525,I
9526,J
9527,H
9528,R
9529,I
9530,P
9531,L
9532,N
9533,I
9534,I
9535,E
9536,I
9537,I
9538,T
9539,R
9540,i
9541,i
9542,T
9543,e
9544,A
9545,C
9546,E
9547,D
9548,D
9549,A
9550,C
9551,M
9552,a
9553,I
9554,P
9555,S
9556,E
9557,O
9558,S
9559,e
9560,3
9561,E
9562,O
9563,R
9564,A
9565,N
9566,A
9567,I
9568,E
9569,A
9570,y
9571,e
9572,C
9573,E
9574,N
9575,I
9576,r
9577,I
9578,S
9579,N
9580,I
9581,B
9582,U
9583,A
9584,H
9585,A
9586,L
9587,O
9588,O
9589,O
9590,R
9591,H
9592,N
9593,A
9594,O
9595,C
9596,A
9597,R
9598,i
9599,N
9600,a
9601,N
9602,E
9603,e
9604,O
9605,2
9606,1
9607,A
9608,C
9609,T
9610,o
9611,I
9612,R
9613,a
9614,L
9615,A
9616,R
9617,D
9618,R
9619,S
9620,O
9621,A
9622,O
9623,O
9624,A
9625,1
9626,T
9627,I
9628,N
9629,A
9630,N
9631,A
9632,p
9633,e
9634,C
9635,A
9636,R
9637,N
9638,0
9639,E
9640,e
9641,L
9642,I
9643,S
9644,O
9645,o
9646,O
9647,E
9648,E
9649,0
9650,A
9651,O
9652,e
9653,i
9654,P
9655,E
9656,A
9657,S
9658,s
9659,R
9660,C
9661,T
9662,e
9663,N
9664,A
9665,A
9666,T
9667,O
9668,t
9669,R
9670,M
9671,R
9672,N
9673,E
9674,A
9675,r
9676,E
9677,A
9678,U
9679,N
9680,C
9681,S
9682,R
9683,P
9684,D
9685,O
9686,E
9687,S
9688,R
9689,O
9690,t
9691,E
9692,R
9693,G
9694,I
9695,O
9696,R
9697,E
9698,N
9699,N
9700,I
9701,T
9702,A
9703,r
9704,I
9705,I
9706,P
9707,T
9708,C
9709,N
9710,C
9711,T
9712,O
9713,I
9714,E
9715,A
9716,e
9717,T
9718,E
9719,R
9720,t
9721,7
9722,O
9723,N
9724,O
9725,T
9726,T
9727,O
9728,A
9729,e
9730,R
9731,A
9732,0
9733,E
9734,H
9735,N
9736,A
9737,A
9738,E
9739,T
9740,N
9741,N
9742,N
9743,O
9744,I
9745,N
9746,e
9747,T
9748,S
9749,T
9750,A
9751,A
9752,E
9753,O
9754,N
9755,A
9756,N
9757,I
9758,A
9759,e
9760,S
9761,l
9762,i
9763,R
9764,R
9765,T
9766,R
9767,A
9768,N
9769,I
9770,I
9771,I
9772,S
9773,t
9774,e
9775,A
9776,E
9777,r
9778,7
9779,I
9780,T
9781,N
9782,A
9783,O
9784,I
9785,L
9786,O
9787,R
9788,Q
9789,I
9790,S
9791,N
9792,D
9793,I
9794,A
9795,N
9796,T
9797,r
9798,N
9799,I
9800,E
9801,O
9802,C
9803,8
9804,I
9805,N
9806,N
9807,L
9808,C
9809,A
9810,R
9811,T
9812,D
9813,L
9814,T
9815,S
9816,r
9817,A
9818,i
9819,O
9820,M
9821,o
9822,N
9823,R
9824,0
9825,H
9826,S
9827,E
9828,5
9829,R
9830,r
9831,4
9832,T
9833,A
9834,O
9835,l
9836,O
9837,1
9838,n
9839,0
9840,I
9841,A
9842,R
9843,T
9844,I
9845,S
9846,S
9847,u
9848,R
9849,A
9850,C
9851,O
9852,R
9853,R
9854,A
9855,H
9856,O
9857,P
9858,A
9859,A
9860,t
9861,S
9862,E
9863,N
9864,O
9865,e
9866,R
9867,C
9868,I
9869,S
9870,I
9871,E
9872,m
9873,t
9874,q
9875,J
9876,T
9877,G
9878,E
9879,i
9880,E
9881,R
9882,I
9883,E
9884,N
9885,e
9886,7
9887,U
9888,O
9889,E
9890,A
9891,A
9892,O
9893,O
9894,H
9895,O
9896,i
9897,i
9898,O
9899,O
9900,A
9901,O
9902,A
9903,N
9904,E
9905,a
9906,T
9907,I
9908,S
9909,N
9910,A
9911,O
9912,A
9913,A
9914,E
9915,R
9916,N
9917,e
9918,C
9919,N
9920,T
9921,S
9922,R
9923,O
9924,n
9925,A
9926,E
9927,K
9928,R
9929,O
9930,E
9931,I
9932,S
9933,O
9934,C
9935,A
9936,A
9937,R
9938,C
9939,D
9940,I
9941,F
9942,L
9943,E
9944,A
9945,S
9946,H
9947,I
9948,O
9949,r
9950,V
9951,R
9952,n
9953,I
9954,I
9955,2
9956,O
9957,I
9958,T
9959,e
9960,C
9961,P
9962,A
9963,s
9964,S
9965,Y
9966,A
9967,I
9968,T
9969,R
9970,O
9971,H
9972,N
9973,n
9974,A
9975,A
9976,N
9977,I
9978,T
9979,N
9980,T
9981,L
9982,5
9983,R
9984,S
9985,E
9986,A
9987,L
9988,R
9989,A
9990,I
9991,S
9992,T
9993,A
9994,M
9995,A
9996,D
9997,S
9998,I
9999,n
10000,T
10001,a
10002,r
10003,T
10004,O
10005,l
10006,R
10007,S
10008,E
10009,N
10010,A
10011,I
10012,e
10013,R
10014,L
10015,6
10016,N
10017,2
10018,I
10019,N
10020,K
10021,R
10022,S
10023,E
10024,A
10025,o
10026,O
10027,O
10028,L
10029,P
10030,C
10031,o
10032,A
10033,n
10034,A
10035,N
10036,A
10037,C
10038,C
10039,R
10040,T
10041,O
10042,N
10043,A
10044,A
10045,O
10046,R
10047,A
10048,N
10049,n
10050,R
10051,C
10052,N
10053,E
10054,E
10055,E
10056,O
10057,I
10058,T
10059,C
10060,A
10061,P
10062,o
10063,N
10064,D
10065,E
10066,I
10067,E
10068,O
10069,O
10070,R
10071,o
10072,O
10073,I
10074,S
10075,L
10076,R
10077,e
10078,P
10079,A
10080,P
10081,R
10082,A
10083,O
10084,O
10085,C
10086,N
10087,C
10088,N
10089,5
10090,m
10091,S
10092,N
10093,O
10094,N
10095,r
10096,S
10097,O
10098,A
10099,S
10100,O
10101,L
10102,o
10103,E
10104,R
10105,O
10106,a
10107,O
10108,A
10109,T
10110,N
10111,a
10112,R
10113,i
10114,E
10115,A
10116,N
10117,e
10118,P
10119,A
10120,T
10121,a
10122,O
10123,R
10124,C
10125,N
10126,O
10127,S
10128,E
10129,0
10130,A
10131,L
10132,6
10133,E
10134,I
10135,A
10136,F
10137,M
10138,D
10139,N
10140,A
10141,L
10142,N
10143,E
10144,l
10145,I
10146,A
10147,E
10148,l
10149,r
10150,S
10151,M
10152,A
10153,S
10154,t
10155,T
10156,A
10157,N
10158,1
10159,I
10160,R
10161,D
10162,H
10163,i
10164,O
10165,R
10166,I
10167,D
10168,A
10169,E
10170,S
10171,R
10172,E
10173,R
10174,i
10175,E
10176,o
10177,T
10178,P
10179,T
10180,r
10181,O
10182,N
10183,e
10184,S
10185,O
10186,e
10187,O
10188,P
10189,T
10190,a
10191,E
10192,L
10193,e
10194,T
10195,A
10196,N
10197,T
10198,R
10199,l
10200,C
10201,S
10202,S
10203,N
10204,E
10205,T
10206,A
10207,L
10208,T
10209,T
10210,A
10211,L
10212,A
10213,C
10214,T
10215,5
10216,H
10217,e
10218,B
10219,S
10220,R
10221,o
10222,O
10223,S
10224,A
10225,O
10226,P
10227,V
10228,T
10229,r
10230,D
10231,r
10232,E
10233,t
10234,D
10235,S
10236,I
10237,T
10238,S
10239,I
10240,I
10241,E
10242,H
10243,V
10244,r
10245,E
10246,R
10247,E
10248,e
10249,n
10250,E
10251,I
10252,C
10253,M
10254,G
10255,L
10256,n
10257,S
10258,r
10259,E
10260,A
10261,A
10262,E
10263,O
10264,A
10265,e
10266,O
10267,S
10268,D
10269,O
10270,M
10271,N
10272,A
10273,P
10274,B
10275,T
10276,O
10277,R
10278,A
10279,A
10280,E
10281,O
10282,I
10283,A
10284,A
10285,S
10286,P
10287,S
10288,A
10289,O
10290,O
10291,H
10292,O
10293,E
10294,S
10295,T
10296,D
10297,0
10298,A
10299,A
10300,N
10301,L
10302,S
10303,T
10304,D
10305,E
10306,E
10307,V
10308,T
10309,c
10310,N
10311,N
10312,I
10313,O
10314,S
10315,R
10316,I
10317,H
10318,E
10319,C
10320,r
10321,I
10322,r
10323,r
10324,o
10325,E
10326,R
10327,1
10328,N
10329,D
10330,O
10331,O
10332,A
10333,T
10334,9
10335,T
10336,A
10337,R
10338,S
10339,I
10340,R
10341,T
10342,O
10343,A
10344,A
10345,O
10346,o
10347,R
10348,O
10349,A
10350,n
10351,e
10352,A
10353,T
10354,I
10355,O
10356,A
10357,S
10358,H
10359,O
10360,C
10361,P
10362,I
10363,I
10364,R
10365,I
10366,T
10367,I
10368,A
10369,T
10370,i
10371,R
10372,T
10373,O
10374,R
10375,e
10376,l
10377,D
10378,I
10379,S
10380,T
10381,A
10382,S
10383,T
10384,P
10385,T
10386,E
10387,S
10388,N
10389,S
10390,S
10391,S
10392,I
10393,S
10394,A
10395,N
10396,E
10397,T
10398,o
10399,E
10400,F
10401,D
10402,I
10403,R
10404,e
10405,O
10406,N
10407,A
10408,T
10409,H
10410,O
10411,A
10412,S
10413,T
10414,E
10415,X
10416,N
10417,n
10418,D
10419,D
10420,I
10421,I
10422,R
10423,O
10424,O
10425,M
10426,N
10427,E
10428,A
10429,E
10430,M
10431,C
10432,A
10433,R
10434,a
10435,V
10436,T
10437,A
10438,o
10439,I
10440,C
10441,P
10442,T
10443,0
10444,L
10445,A
10446,I
10447,I
10448,E
10449,R
10450,T
10451,E
10452,R
10453,n
10454,A
10455,C
10456,E
10457,N
10458,N
10459,o
10460,S
10461,L
10462,1
10463,A
10464,O
10465,Y
10466,I
10467,O
10468,T
10469,O
10470,O
10471,B
10472,C
10473,A
10474,e
10475,O
10476,A
10477,L
10478,O
10479,I
10480,n
10481,D
10482,B
10483,A
10484,O
10485,T
10486,E
10487,H
10488,e
10489,E
10490,u
10491,A
10492,S
10493,O
10494,O
10495,l
10496,S
10497,E
10498,A
10499,T
10500,o
10501,O
10502,C
10503,O
10504,R
10505,S
10506,I
10507,R
10508,A
10509,e
10510,R
10511,R
10512,J
10513,P
10514,O
10515,y
10516,H
10517,i
10518,n
10519,N
10520,N
10521,N
10522,5
10523,d
10524,H
10525,T
10526,H
10527,D
10528,T
10529,S
10530,A
10531,R
10532,O
10533,r
10534,R
10535,0
10536,I
10537,A
10538,r
10539,A
10540,D
10541,E
10542,S
10543,1
10544,A
10545,N
10546,O
10547,S
10548,O
10549,A
10550,N
10551,L
10552,E
10553,A
10554,N
10555,I
10556,O
10557,A
10558,T
10559,L
10560,R
10561,I
10562,D
10563,V
10564,b
10565,E
10566,e
10567,v
10568,R
10569,o
10570,e
10571,n
10572,D
10573,1
10574,A
10575,N
10576,I
10577,R
10578,E
10579,n
10580,T
10581,O
10582,S
10583,A
10584,H
10585,A
10586,E
10587,O
10588,T
10589,n
10590,5
10591,e
10592,N
10593,N
10594,O
10595,A
10596,R
10597,P
10598,r
10599,E
10600,R
10601,I
10602,A
10603,V
10604,S
10605,t
10606,I
10607,S
10608,T
10609,E
10610,R
10611,E
10612,U
10613,A
10614,T
10615,T
10616,E
10617,a
10618,O
10619,O
10620,T
10621,r
10622,L
10623,S
10624,S
10625,S
10626,S
10627,E
10628,R
10629,N
10630,N
10631,O
10632,A
10633,r
10634,D
10635,r
10636,A
10637,E
10638,s
10639,S
10640,E
10641,a
10642,H
10643,I
10644,S
10645,R
10646,e
10647,S
10648,T
10649,O
10650,L
10651,A
10652,A
10653,i
10654,O
10655,C
10656,A
10657,O
10658,N
10659,r
10660,R
10661,T
10662,H
10663,7
10664,S
10665,E
10666,C
10667,H
10668,R
10669,A
10670,T
10671,L
10672,I
10673,M
10674,e
10675,s
10676,A
10677,D
10678,I
10679,S
10680,K
10681,a
10682,R
10683,D
10684,A
10685,S
10686,R
10687,e
10688,A
10689,R
10690,G
10691,n
10692,t
10693,L
10694,A
10695,T
10696,H
10697,S
10698,e
10699,B
10700,I
10701,I
10702,A
10703,S
10704,N
10705,T
10706,X
10707,N
10708,S
10709,I
10710,e
10711,A
10712,E
10713,I
10714,I
10715,R
10716,a
10717,M
10718,N
10719,I
10720,i
10721,0
10722,E
10723,T
10724,I
10725,T
10726,N
10727,1
10728,A
10729,L
10730,C
10731,N
10732,E
10733,C
10734,N
10735,C
10736,A
10737,O
10738,O
10739,O
10740,e
10741,r
10742,T
10743,A
10744,O
10745,I
10746,D
10747,T
10748,E
10749,C
10750,O
10751,A
10752,S
10753,r
10754,I
10755,R
10756,R
10757,A
10758,H
10759,I
10760,I
10761,C
10762,A
10763,E
10764,N
10765,C
10766,G
10767,N
10768,R
10769,I
10770,A
10771,A
10772,T
10773,I
10774,R
10775,N
10776,T
10777,I
10778,N
10779,N
10780,E
10781,N
10782,I
10783,E
10784,n
10785,A
10786,R
10787,n
10788,B
10789,r
10790,N
10791,E
10792,m
10793,P
10794,T
10795,I
10796,M
10797,a
10798,M
10799,E
10800,G
10801,D
10802,n
10803,C
10804,t
10805,H
10806,O
10807,S
10808,S
10809,I
10810,R
10811,r
10812,6
10813,E
10814,E
10815,A
10816,E
10817,R
10818,O
10819,I
10820,r
10821,E
10822,R
10823,R
10824,C
10825,A
10826,C
10827,L
10828,S
10829,L
10830,T
10831,O
10832,I
10833,S
10834,U
10835,O
10836,r
10837,O
10838,A
10839,E
10840,n
10841,H
10842,R
10843,T
10844,a
10845,A
10846,R
10847,N
10848,I
10849,A
10850,o
10851,I
10852,e
10853,A
10854,N
10855,A
10856,S
10857,O
10858,E
10859,N
10860,r
10861,A
10862,R
10863,I
10864,O
10865,A
10866,E
10867,R
10868,7
10869,A
10870,I
10871,E
10872,D
10873,O
10874,R
10875,E
10876,S
10877,t
10878,D
10879,n
10880,A
10881,N
10882,A
10883,R
10884,E
10885,5
10886,r
10887,R
10888,P
10889,R
10890,R
10891,I
10892,I
10893,S
10894,N
10895,A
10896,E
10897,C
10898,A
10899,C
10900,I
10901,R
10902,E
10903,I
10904,O
10905,O
10906,N
10907,R
10908,E
10909,r
10910,N
10911,I
10912,I
10913,0
10914,H
10915,T
10916,C
10917,M
10918,I
10919,E
10920,R
10921,K
10922,I
10923,A
10924,T
10925,E
10926,N
10927,L
10928,O
10929,I
10930,A
10931,O
10932,O
10933,o
10934,L
10935,H
10936,A
10937,A
10938,t
10939,t
10940,S
10941,O
10942,N
10943,N
10944,E
10945,O
10946,I
10947,t
10948,A
10949,b
10950,C
10951,r
10952,I
10953,T
10954,A
10955,T
10956,L
10957,A
10958,E
10959,a
10960,O
10961,A
10962,A
10963,H
10964,U
10965,T
10966,S
10967,O
10968,A
10969,N
10970,A
10971,R
10972,O
10973,N
10974,T
10975,N
10976,n
10977,A
10978,O
10979,R
10980,A
10981,7
10982,S
10983,C
10984,I
10985,E
10986,A
10987,H
10988,M
10989,2
10990,e
10991,T
10992,A
10993,A
10994,E
10995,O
10996,U
10997,N
10998,O
10999,A
11000,A
11001,e
11002,I
11003,e
11004,N
11005,S
11006,A
11007,O
11008,I
11009,O
11010,N
11011,T
11012,R
11013,A
11014,R
11015,N
11016,S
11017,N
11018,O
11019,A
11020,S
11021,E
11022,r
11023,I
11024,a
11025,I
11026,S
11027,M
11028,R
11029,A
11030,t
11031,S
11032,T
11033,S
11034,C
11035,n
11036,R
11037,C
11038,I
11039,r
11040,F
11041,A
11042,I
11043,R
11044,D
11045,M
11046,O
11047,E
11048,A
11049,N
11050,O
11051,C
11052,I
11053,O
11054,P
11055,t
11056,G
11057,R
11058,R
11059,A
11060,A
11061,r
11062,A
11063,N
11064,V
11065,O
11066,n
11067,O
11068,R
11069,S
11070,L
11071,o
11072,A
11073,d
11074,E
11075,N
11076,A
11077,e
11078,4
11079,O
11080,A
11081,L
11082,L
11083,N
11084,i
11085,n
11086,I
11087,A
11088,2
11089,a
11090,A
11091,T
11092,E
11093,N
11094,A
11095,R
11096,R
11097,O
11098,I
11099,A
11100,R
11101,T
11102,A
11103,O
11104,C
11105,N
11106,e
11107,L
11108,T
11109,e
11110,E
11111,I
11112,E
11113,H
11114,N
11115,W
11116,n
11117,G
11118,S
11119,D
11120,B
11121,R
11122,A
11123,A
11124,E
11125,N
11126,R
11127,r
11128,O
11129,O
11130,S
11131,O
11132,L
11133,I
11134,O
11135,N
11136,R
11137,O
11138,I
11139,A
11140,S
11141,n
11142,7
11143,E
11144,I
11145,H
11146,S
11147,F
11148,R
11149,O
11150,O
11151,N
11152,T
11153,F
11154,D
11155,T
11156,M
11157,E
11158,A
11159,H
11160,C
11161,D
11162,E
11163,S
11164,O
11165,E
11166,A
11167,E
11168,O
11169,A
11170,A
11171,i
11172,M
11173,S
11174,A
11175,R
11176,R
11177,O
11178,A
11179,N
11180,T
11181,B
11182,R
11183,S
11184,N
11185,r
11186,C
11187,O
11188,O
11189,R
11190,L
11191,C
11192,A
11193,O
11194,N
11195,I
11196,R
11197,A
11198,A
11199,v
11200,G
11201,O
11202,A
11203,T
11204,N
11205,I
11206,O
11207,C
11208,N
11209,A
11210,O
11211,N
11212,A
11213,S
11214,L
11215,a
11216,E
11217,N
11218,E
11219,R
11220,O
11221,O
11222,K
11223,E
11224,E
11225,O
11226,U
11227,I
11228,O
11229,O
11230,E
11231,z
11232,A
11233,l
11234,A
11235,E
11236,R
11237,S
11238,C
11239,D
11240,I
11241,L
11242,R
11243,H
11244,I
11245,O
11246,n
11247,N
11248,R
11249,n
11250,R
11251,O
11252,S
11253,R
11254,i
11255,O
11256,P
11257,D
11258,T
11259,E
11260,O
11261,N
11262,D
11263,T
11264,E
11265,n
11266,M
11267,E
11268,R
11269,a
11270,A
11271,C
11272,P
11273,L
11274,E
11275,y
11276,G
11277,O
11278,R
11279,N
11280,O
11281,i
11282,R
11283,A
11284,S
11285,E
11286,T
11287,I
11288,M
11289,r
11290,I
11291,R
11292,e
11293,n
11294,W
11295,A
11296,r
11297,C
11298,O
11299,R
11300,P
11301,D
11302,N
11303,N
11304,A
11305,r
11306,D
11307,O
11308,c
11309,E
11310,A
11311,E
11312,G
11313,I
11314,S
11315,0
11316,t
11317,U
11318,o
11319,M
11320,E
11321,I
11322,R
11323,I
11324,E
11325,M
11326,S
11327,e
11328,H
11329,O
11330,T
11331,5
11332,A
11333,U
11334,T
11335,O
11336,M
11337,A
11338,i
11339,O
11340,U
11341,v
11342,e
11343,I
11344,A
11345,A
11346,r
11347,O
11348,S
11349,O
11350,S
11351,O
11352,t
11353,C
11354,A
11355,y
11356,C
11357,A
11358,C
11359,C
11360,N
11361,T
11362,T
11363,A
11364,L
11365,i
11366,R
11367,A
11368,S
11369,N
11370,A
11371,T
11372,L
11373,r
11374,h
11375,B
11376,T
11377,N
11378,A
11379,O
11380,C
11381,N
11382,S
11383,e
11384,R
11385,6
11386,I
11387,e
11388,I
11389,R
11390,R
11391,L
11392,O
11393,P
11394,A
11395,N
11396,n
11397,O
11398,R
11399,D
11400,N
11401,T
11402,T
11403,L
11404,8
11405,D
11406,o
11407,I
11408,N
11409,H
11410,a
11411,A
11412,I
11413,o
11414,e
11415,I
11416,S
11417,G
11418,e
11419,O
11420,e
11421,O
11422,A
11423,A
11424,e
11425,I
11426,E
11427,K
11428,N
11429,R
11430,N
11431,R
11432,L
11433,H
11434,O
11435,S
11436,E
11437,S
11438,A
11439,p
11440,O
11441,R
11442,A
11443,A
11444,e
11445,s
11446,S
11447,E
11448,N
11449,n
11450,E
11451,T
11452,E
11453,E
11454,S
11455,P
11456,Y
11457,A
11458,E
11459,e
11460,I
11461,A
11462,R
11463,A
11464,I
11465,L
11466,O
11467,S
11468,A
11469,H
11470,S
11471,s
11472,S
11473,I
11474,D
11475,A
11476,S
11477,N
11478,N
11479,e
11480,G
11481,o
11482,I
11483,K
11484,S
11485,A
11486,A
11487,N
11488,R
11489,N
11490,A
11491,r
11492,R
11493,D
11494,E
11495,C
11496,C
11497,r
11498,0
11499,2
11500,O
11501,S
11502,E
11503,S
11504,N
11505,e
11506,S
11507,D
11508,I
11509,o
11510,N
11511,L
11512,I
11513,O
11514,E
11515,o
11516,O
11517,C
11518,N
11519,c
11520,O
11521,R
11522,M
11523,L
11524,O
11525,O
11526,i
11527,I
11528,O
11529,n
11530,5
11531,A
11532,D
11533,P
11534,A
11535,C
11536,T
11537,e
11538,C
11539,E
11540,U
11541,R
11542,A
11543,R
11544,O
11545,C
11546,E
11547,A
11548,R
11549,O
11550,O
11551,E
11552,i
11553,I
11554,t
11555,I
11556,A
11557,C
11558,R
11559,n
11560,K
11561,1
11562,I
11563,i
11564,I
11565,E
11566,S
11567,A
11568,S
11569,O
11570,a
11571,T
11572,D
11573,C
11574,T
11575,A
11576,C
11577,N
11578,L
11579,S
11580,O
11581,L
11582,E
11583,n
11584,i
11585,L
11586,R
11587,R
11588,O
11589,L
11590,C
11591,a
11592,O
11593,T
11594,D
11595,I
11596,R
11597,M
11598,T
11599,N
11600,T
11601,R
11602,L
11603,O
11604,A
11605,A
11606,P
11607,O
11608,n
11609,S
11610,r
11611,R
11612,E
11613,R
11614,I
11615,i
11616,1
11617,v
11618,A
11619,S
11620,A
11621,C
11622,I
11623,L
11624,R
11625,T
11626,I
11627,n
11628,O
11629,K
11630,T
11631,T
11632,A
11633,S
11634,A
11635,P
11636,e
11637,T
11638,O
11639,S
11640,C
11641,I
11642,T
11643,N
11644,l
11645,T
11646,N
11647,r
11648,C
11649,A
11650,I
11651,I
11652,D
11653,R
11654,O
11655,C
11656,5
11657,A
11658,I
11659,R
11660,D
11661,I
11662,L
11663,E
11664,A
11665,O
11666,S
11667,E
11668,W
11669,C
11670,I
11671,H
11672,V
11673,S
11674,N
11675,X
11676,O
11677,P
11678,A
11679,O
11680,S
11681,S
11682,S
11683,S
11684,W
11685,T
11686,r
11687,i
11688,O
11689,e
11690,C
11691,A
11692,N
11693,A
11694,R
11695,O
11696,R
11697,A
11698,e
11699,A
11700,i
11701,E
11702,A
11703,I
11704,R
11705,A
11706,a
11707,L
11708,a
11709,A
11710,e
11711,C
11712,I
11713,H
11714,g
11715,R
11716,D
11717,I
11718,S
11719,T
11720,N
11721,S
11722,n
11723,A
11724,S
11725,O
11726,O
11727,A
11728,R
11729,e
11730,O
11731,r
11732,S
11733,T
11734,C
11735,O
11736,i
11737,2
11738,i
11739,A
11740,e
11741,l
11742,e
11743,N
11744,O
11745,E
11746,7
11747,A
11748,A
11749,A
11750,H
11751,a
11752,t
11753,N
11754,E
11755,S
11756,A
11757,t
11758,o
11759,I
11760,A
11761,N
11762,N
11763,M
11764,E
11765,e
11766,L
11767,O
11768,I
11769,O
11770,N
11771,N
11772,O
11773,N
11774,O
11775,E
11776,E
11777,O
11778,G
11779,S
11780,R
11781,S
11782,R
11783,N
11784,N
11785,I
11786,E
11787,R
11788,O
11789,O
11790,E
11791,L
11792,L
11793,V
11794,A
11795,i
11796,I
11797,i
11798,L
11799,N
11800,T
11801,N
11802,O
11803,Y
11804,m
11805,I
11806,N
11807,T
11808,A
11809,K
11810,O
11811,T
11812,E
11813,E
11814,E
11815,D
11816,N
11817,S
11818,Y
11819,O
11820,R
11821,N
11822,Y
11823,n
11824,A
11825,I
11826,s
11827,R
11828,A
11829,G
11830,I
11831,t
11832,a
11833,9
11834,S
11835,a
11836,O
11837,N
11838,O
11839,E
11840,E
11841,H
11842,N
11843,R
11844,E
11845,e
11846,T
11847,R
11848,H
11849,X
11850,S
11851,D
11852,O
11853,A
11854,D
11855,T
11856,I
11857,A
11858,4
11859,O
11860,A
11861,a
11862,I
11863,E
11864,E
11865,i
11866,E
11867,A
11868,T
11869,D
11870,A
11871,T
11872,a
11873,A
11874,S
11875,o
11876,E
11877,V
11878,S
11879,o
11880,N
11881,E
11882,D
11883,N
11884,O
11885,N
11886,S
11887,R
11888,T
11889,M
11890,I
11891,O
11892,T
11893,E
11894,e
11895,N
11896,S
11897,E
11898,O
11899,A
11900,C
11901,s
11902,H
11903,T
11904,1
11905,T
11906,N
11907,A
11908,S
11909,F
11910,L
11911,K
11912,R
11913,E
11914,l
11915,C
11916,S
11917,s
11918,E
11919,M
11920,O
11921,P
11922,E
11923,S
11924,e
11925,M
11926,R
11927,O
11928,L
11929,H
11930,A
11931,O
11932,O
11933,n
11934,I
11935,7
11936,O
11937,L
11938,S
11939,N
11940,L
11941,O
11942,N
11943,O
11944,C
11945,S
11946,A
11947,T
11948,H
11949,O
11950,D
11951,O
11952,A
11953,T
11954,e
11955,D
11956,L
11957,G
11958,N
11959,O
11960,e
11961,O
11962,R
11963,E
11964,R
11965,N
11966,I
11967,r
11968,A
11969,I
11970,T
11971,E
11972,I
11973,1
11974,T
11975,O
11976,I
11977,E
11978,R
11979,A
11980,E
11981,P
11982,R
11983,R
11984,N
11985,O
11986,A
11987,H
11988,D
11989,E
11990,O
11991,A
11992,E
11993,A
11994,N
11995,C
11996,A
11997,A
11998,A
11999,A
12000,T
12001,I
12002,A
12003,W
12004,H
12005,r
12006,A
12007,M
12008,A
12009,E
12010,3
12011,O
12012,T
12013,E
12014,7
12015,P
12016,A
12017,R
12018,T
12019,O
12020,T
12021,E
12022,N
12023,E
12024,S
12025,D
12026,S
12027,N
12028,E
12029,A
12030,e
12031,i
12032,A
12033,i
12034,o
12035,N
12036,a
12037,C
12038,i
12039,F
12040,O
12041,O
12042,E
12043,D
12044,O
12045,R
12046,S
12047,A
12048,R
12049,O
12050,n
12051,E
12052,I
12053,E
12054,H
12055,R
12056,A
12057,H
12058,O
12059,T
12060,A
12061,n
12062,I
12063,I
12064,M
12065,e
12066,e
12067,I
12068,H
12069,i
12070,A
12071,H
12072,C
12073,A
12074,A
12075,O
12076,L
12077,R
12078,I
12079,H
12080,e
12081,E
12082,a
12083,T
12084,B
12085,R
12086,A
12087,G
12088,m
12089,S
12090,I
12091,E
12092,M
12093,I
12094,T
12095,I
12096,L
12097,e
12098,I
12099,R
12100,7
12101,r
12102,e
12103,D
12104,L
12105,I
12106,E
12107,L
12108,I
12109,O
12110,o
12111,A
12112,I
12113,l
12114,A
12115,I
12116,K
12117,E
12118,s
12119,N
12120,I
12121,T
12122,L
12123,S
12124,I
12125,T
12126,I
12127,p
12128,S
12129,A
12130,L
12131,O
12132,R
12133,A
12134,E
12135,O
12136,I
12137,S
12138,O
12139,N
12140,A
12141,C
12142,L
12143,S
12144,A
12145,A
12146,E
12147,1
12148,O
12149,E
12150,E
12151,O
12152,E
12153,E
12154,C
12155,r
12156,T
12157,A
12158,O
12159,O
12160,E
12161,L
12162,p
12163,I
12164,a
12165,o
12166,R
12167,O
12168,P
12169,O
12170,S
12171,C
12172,A
12173,I
12174,T
12175,I
12176,S
12177,A
12178,E
12179,O
12180,e
12181,C
12182,D
12183,C
12184,C
12185,B
12186,A
12187,D
12188,I
12189,E
12190,N
12191,N
12192,E
12193,S
12194,E
12195,N
12196,I
12197,O
12198,D
12199,C
12200,A
12201,E
12202,A
12203,s
12204,T
12205,S
12206,A
12207,A
12208,Y
12209,S
12210,i
12211,E
12212,S
12213,E
12214,D
12215,E
12216,N
12217,r
12218,T
12219,H
12220,m
12221,i
12222,n
12223,N
12224,A
12225,E
12226,J
12227,O
12228,I
12229,S
12230,O
12231,E
12232,e
12233,r
12234,i
12235,E
12236,D
12237,r
12238,A
12239,T
12240,R
12241,R
12242,A
12243,5
12244,M
12245,R
12246,R
12247,N
12248,R
12249,A
12250,R
12251,H
12252,r
12253,n
12254,D
12255,T
12256,A
12257,0
12258,I
12259,e
12260,A
12261,O
12262,I
12263,O
12264,T
12265,O
12266,C
12267,S
12268,O
12269,c
12270,O
12271,O
12272,2
12273,T
12274,O
12275,R
12276,O
12277,I
12278,L
12279,E
12280,R
12281,E
12282,B
12283,D
12284,L
12285,I
12286,A
12287,E
12288,R
12289,E
12290,R
12291,a
12292,R
12293,A
12294,N
12295,N
12296,m
12297,R
12298,C
12299,O
12300,I
12301,N
12302,R
12303,O
12304,R
12305,O
12306,A
12307,O
12308,O
12309,r
12310,e
12311,A
12312,M
12313,D
12314,M
12315,N
12316,A
12317,O
12318,E
12319,O
12320,R
12321,C
12322,I
12323,s
12324,R
12325,A
12326,R
12327,T
12328,o
12329,I
12330,I
12331,n
12332,F
12333,F
12334,r
12335,O
12336,N
12337,M
12338,O
12339,7
12340,H
12341,R
12342,S
12343,T
12344,E
12345,T
12346,I
12347,O
12348,O
12349,A
12350,A
12351,H
12352,e
12353,E
12354,A
12355,O
12356,E
12357,E
12358,M
12359,A
12360,A
12361,I
12362,I
12363,V
12364,Z
12365,P
12366,R
12367,H
12368,E
12369,I
12370,A
12371,O
12372,E
12373,O
12374,N
12375,I
12376,o
12377,N
12378,C
12379,C
12380,S
12381,r
12382,O
12383,O
12384,N
12385,A
12386,C
12387,r
12388,N
12389,U
12390,e
12391,T
12392,L
12393,E
12394,O
12395,O
12396,C
12397,E
12398,E
12399,H
12400,A
12401,E
12402,L
12403,S
12404,D
12405,A
12406,n
12407,E
12408,T
12409,L
12410,N
12411,O
12412,A
12413,N
12414,t
12415,o
12416,A
12417,I
12418,O
12419,7
12420,R
12421,R
12422,A
12423,R
12424,n
12425,n
12426,A
12427,R
12428,E
12429,O
12430,S
12431,I
12432,E
12433,o
12434,i
12435,E
12436,A
12437,A
12438,R
12439,s
12440,O
12441,O
12442,A
12443,I
12444,O
12445,A
12446,S
12447,T
12448,O
12449,C
12450,A
12451,E
12452,A
12453,E
12454,A
12455,C
12456,I
12457,O
12458,I
12459,1
12460,A
12461,S
12462,i
12463,O
12464,y
12465,E
12466,B
12467,a
12468,e
12469,N
12470,C
12471,I
12472,1
12473,O
12474,E
12475,I
12476,7
12477,I
12478,n
12479,N
12480,O
12481,A
12482,A
12483,L
12484,O
12485,O
12486,R
12487,P
12488,A
12489,A
12490,E
12491,S
12492,A
12493,H
12494,A
12495,C
12496,E
12497,T
12498,R
12499,D
12500,r
12501,A
12502,R
12503,N
